ID,BlendProperty1,BlendProperty2,BlendProperty3,BlendProperty4,BlendProperty5,BlendProperty6,BlendProperty7,BlendProperty8,BlendProperty9,BlendProperty10
0,43.01964537532448,46.77507516096065,49.04797207549272,55.33237029653354,55.8249370916886,68.01964537532447,71.77507516096065,74.04797207549272,80.33237029653354,80.8249370916886
1,38.79092631101366,44.358955828072446,52.090854963210106,60.79830094570808,53.96096195199569,63.79092631101366,69.35895582807245,77.0908549632101,85.79830094570808,78.9609619519957
2,38.65936828385802,40.28402671727312,54.64149000979191,51.57572985513353,64.83938513394344,63.65936828385802,65.28402671727312,79.64149000979191,76.57572985513353,89.83938513394344
3,37.22542162437264,37.385871611231636,53.88313650457059,58.26613561047705,63.23943464934809,62.22542162437264,62.385871611231636,78.88313650457059,83.26613561047705,88.23943464934808
4,40.66922924218288,48.890397071952236,49.099686231244334,49.481689800533644,61.85899765408689,65.66922924218288,73.89039707195224,74.09968623124433,74.48168980053364,86.85899765408689
5,37.2492497160492,45.60915731041678,47.15441565786695,53.053593057705825,66.93358425796126,62.2492497160492,70.60915731041678,72.15441565786695,78.05359305770583,91.93358425796126
6,38.09762981857218,46.769743671966175,51.58946175270994,55.354037824166454,58.18912693258525,63.09762981857218,71.76974367196618,76.58946175270994,80.35403782416645,83.18912693258525
7,44.19495864172376,39.25957889594059,45.06120999470542,60.78266112009076,60.70159134753947,69.19495864172376,64.25957889594059,70.06120999470542,85.78266112009075,85.70159134753948
8,34.654773889358594,50.787487104356636,49.46735041911511,47.7792013664928,67.31118722067686,59.654773889358594,75.78748710435664,74.4673504191151,72.7792013664928,92.31118722067686
9,37.36318717937365,50.17958575485147,46.231490154276074,59.559212008423735,56.66652490307506,62.36318717937365,75.17958575485147,71.23149015427607,84.55921200842374,81.66652490307506
10,46.550951159122654,41.654095127572404,52.372019541432024,51.299058969073016,58.12387520279991,71.55095115912266,66.6540951275724,77.37201954143202,76.29905896907302,83.12387520279991
11,46.163260619874535,40.05649836529507,48.52894859791702,52.16244865240869,63.08884376450468,71.16326061987453,65.05649836529507,73.52894859791702,77.1624486524087,88.08884376450467
12,37.17747297818875,48.780728073360834,54.5363184385607,48.524999184375666,60.98048132551405,62.17747297818875,73.78072807336083,79.5363184385607,73.52499918437567,85.98048132551405
13,36.494092966782404,43.01118820795172,55.374944779766494,49.491452071251594,65.6283219742478,61.494092966782404,68.01118820795172,80.3749447797665,74.49145207125159,90.6283219742478
14,44.999597969597794,52.58322137881389,49.03627497542032,49.65377047031145,53.72713520585654,69.9995979695978,77.58322137881389,74.03627497542033,74.65377047031146,78.72713520585654
15,38.50084371952424,48.763291342500736,44.253229120268145,52.44563351706902,66.03700230063785,63.50084371952424,73.76329134250074,69.25322912026814,77.44563351706901,91.03700230063785
16,33.865243601334825,48.141358128851934,52.84539588018494,48.80718051347697,66.34082187615132,58.865243601334825,73.14135812885193,77.84539588018494,73.80718051347696,91.34082187615132
17,36.57777576666169,47.84919068896377,44.40382785938407,59.78263289192934,61.386572793061134,61.57777576666169,72.84919068896377,69.40382785938408,84.78263289192934,86.38657279306113
18,43.005885982840354,46.604641345428526,44.524964377346244,53.39127498928497,62.47323330509991,68.00588598284035,71.60464134542852,69.52496437734624,78.39127498928497,87.47323330509991
19,45.7962926265417,39.067140287558445,44.27611324653504,59.16545925991056,61.694994579454246,70.7962926265417,64.06714028755844,69.27611324653503,84.16545925991056,86.69499457945425
20,39.503822429342236,53.57432148312627,48.415014500525146,50.679638686040526,57.827202900965816,64.50382242934224,78.57432148312627,73.41501450052515,75.67963868604053,82.82720290096582
21,33.47216892522701,45.423046662456386,51.11363695995166,56.22601946514736,63.76512798721758,58.47216892522701,70.42304666245639,76.11363695995166,81.22601946514736,88.76512798721758
22,41.244393008329524,48.489735171741245,50.78694463886259,50.69826736916284,58.780659811903796,66.24439300832952,73.48973517174124,75.7869446388626,75.69826736916283,83.7806598119038
23,40.126600405607924,48.69949075867364,46.91862176687167,48.305975161821685,65.94931190702508,65.12660040560792,73.69949075867365,71.91862176687167,73.30597516182169,90.94931190702508
24,46.25516212448054,44.464218479883556,43.82000307684365,54.53356034809512,60.927055970697126,71.25516212448053,69.46421847988356,68.82000307684365,79.53356034809512,85.92705597069713
25,37.51145790555495,48.60721241888233,53.73180469662254,58.01348635464295,52.13603862429722,62.51145790555495,73.60721241888233,78.73180469662253,83.01348635464295,77.13603862429721
26,42.97141886822892,43.887255015999415,46.05257998809595,55.48723725914381,61.60150886853192,67.97141886822892,68.88725501599941,71.05257998809594,80.48723725914381,86.60150886853192
27,48.46611691143423,50.58112741158348,43.769512892920865,49.56632555874589,57.61691722531553,73.46611691143423,75.58112741158348,68.76951289292086,74.56632555874589,82.61691722531553
28,34.24983506524334,39.57491384573983,56.052692847722284,56.60093994763687,63.52161829365768,59.24983506524334,64.57491384573983,81.05269284772228,81.60093994763687,88.52161829365768
29,40.825570851589546,44.506666589269756,53.9182453866009,49.37683508741532,61.37268208512449,65.82557085158955,69.50666658926976,78.9182453866009,74.37683508741532,86.3726820851245
30,43.70244469544407,43.30986574760015,48.82652659025026,57.034205089369564,57.12695787733595,68.70244469544407,68.30986574760016,73.82652659025027,82.03420508936956,82.12695787733594
31,42.343883795526935,43.53685120995215,46.495670769034824,54.90882503059637,62.71476919488973,67.34388379552693,68.53685120995215,71.49567076903483,79.90882503059638,87.71476919488973
32,41.091984429173976,37.32571416476118,51.34316870263336,56.789115534687284,63.4500171687442,66.09198442917398,62.32571416476118,76.34316870263336,81.78911553468728,88.45001716874421
33,35.56512815536604,41.02964166619685,51.74474110385127,57.054696032836034,64.6057930417498,60.56512815536604,66.02964166619685,76.74474110385127,82.05469603283603,89.6057930417498
34,36.820229472904195,48.23001409300072,53.21466677132064,49.006008727296944,62.729080935477505,61.820229472904195,73.23001409300072,78.21466677132064,74.00600872729694,87.7290809354775
35,41.08192259052413,38.49085903747798,54.632965323966104,53.561847462504744,62.23240558552703,66.08192259052413,63.49085903747798,79.6329653239661,78.56184746250474,87.23240558552703
36,44.82808006421472,41.142840727522874,45.515016778952656,60.774676778055984,57.73938565125376,69.82808006421472,66.14284072752287,70.51501677895266,85.77467677805598,82.73938565125377
37,44.86772952247136,48.187699948079356,42.345311053636465,58.7089820820429,55.890277393769935,69.86772952247136,73.18769994807936,67.34531105363646,83.7089820820429,80.89027739376994
38,34.99498464770884,50.35902299493539,53.1906173197866,50.205925737225314,61.24944930034387,59.99498464770884,75.35902299493539,78.1906173197866,75.20592573722531,86.24944930034387
39,39.218368310855425,46.409381798205374,52.466138571124404,54.337179912844825,57.56893140696996,64.21836831085542,71.40938179820537,77.4661385711244,79.33717991284482,82.56893140696997
40,34.94968412399699,47.28105200158194,54.59819592067042,51.90312069796385,61.2679472557868,59.94968412399699,72.28105200158194,79.59819592067042,76.90312069796386,86.2679472557868
41,34.36348673375194,52.284821031641556,47.527404552172555,56.11261724488372,59.711670437550225,59.36348673375194,77.28482103164156,72.52740455217256,81.11261724488372,84.71167043755023
42,32.69604675598438,48.43932820202302,52.42596898476821,53.23607546943585,63.20258058778853,57.69604675598438,73.43932820202302,77.42596898476822,78.23607546943586,88.20258058778853
43,43.216761857919074,43.45369992289022,47.00731314233143,53.40755559916391,62.91466947769537,68.21676185791907,68.45369992289022,72.00731314233143,78.40755559916391,87.91466947769537
44,37.60133843174516,39.58805891501329,49.18378533974183,56.19760696622986,67.42921034726984,62.60133843174516,64.58805891501329,74.18378533974183,81.19760696622987,92.42921034726984
45,34.01784904892229,47.95645869179763,55.48898330612537,60.098048088169534,52.43866086498518,59.01784904892229,72.95645869179762,80.48898330612536,85.09804808816953,77.43866086498518
46,39.55728177638356,41.807949959309546,55.26919453921022,52.484712356614935,60.880861368481746,64.55728177638356,66.80794995930955,80.26919453921022,77.48471235661493,85.88086136848175
47,34.58892911582496,42.731125526214015,53.652410505959296,54.41452575131289,64.61300910068884,59.58892911582496,67.73112552621402,78.6524105059593,79.41452575131288,89.61300910068884
48,39.40886415181399,46.32207268712601,49.84962402260378,59.03129813362205,55.388141004834175,64.40886415181399,71.32207268712601,74.84962402260378,84.03129813362204,80.38814100483418
49,46.657442285737126,49.52008078054649,46.65003074751415,48.00406777418517,59.168378412017056,71.65744228573712,74.5200807805465,71.65003074751415,73.00406777418516,84.16837841201706
50,34.18769916556625,40.77080157367437,52.65377148942817,58.17890355506975,64.20882421626145,59.18769916556625,65.77080157367436,77.65377148942818,83.17890355506975,89.20882421626145
51,32.890616172838506,47.88928595554151,55.81189067874578,58.95512055361374,54.453086639260455,57.890616172838506,72.88928595554151,80.81189067874578,83.95512055361374,79.45308663926045
52,41.015213498648166,41.558899510792926,50.437855894694636,48.83492632830606,68.1531047675582,66.01521349864817,66.55889951079293,75.43785589469464,73.83492632830607,93.1531047675582
53,41.170521917668225,37.451751490976605,54.12488522038936,58.78681892457971,58.46602244638609,66.17052191766822,62.451751490976605,79.12488522038936,83.7868189245797,83.46602244638609
54,43.934454730520734,43.8716102185317,58.15470632469141,49.43731960750948,54.60190911874666,68.93445473052074,68.8716102185317,83.1547063246914,74.43731960750948,79.60190911874666
55,35.708134321988254,51.51142452063202,44.78457934060029,57.54322761235455,60.45263420442488,60.708134321988254,76.51142452063202,69.78457934060029,82.54322761235454,85.45263420442488
56,46.67789557131138,40.85044229695008,46.21092555888575,52.0149394406298,64.245797132223,71.67789557131138,65.85044229695008,71.21092555888575,77.0149394406298,89.245797132223
57,44.383545719313126,49.92455276650541,48.40484544332728,52.684562562796295,54.6024935080579,69.38354571931313,74.9245527665054,73.40484544332728,77.68456256279629,79.6024935080579
58,37.20816004801816,51.4318026195428,53.31218023295871,51.45230588556101,56.59555121391932,62.20816004801816,76.4318026195428,78.31218023295871,76.452305885561,81.59555121391932
59,39.25455763088985,43.36857470120375,50.29420267862217,61.67333538366633,55.40932960561791,64.25455763088985,68.36857470120376,75.29420267862217,86.67333538366633,80.40932960561791
60,40.01540075643483,44.29668425957773,46.888318893452194,52.514116840595946,66.2854792499393,65.01540075643483,69.29668425957773,71.8883188934522,77.51411684059595,91.2854792499393
61,44.12020410179031,47.22075055852583,42.591415137130674,59.2600951438222,56.80753505873098,69.1202041017903,72.22075055852582,67.59141513713067,84.2600951438222,81.80753505873098
62,35.43006355494355,42.939262444402445,49.65766309565329,57.17822542049416,64.79478548450655,60.43006355494355,67.93926244440244,74.65766309565329,82.17822542049416,89.79478548450655
63,37.392696075347295,53.76129692194044,43.8275523792509,54.637212611352545,60.38124201210883,62.392696075347295,78.76129692194044,68.8275523792509,79.63721261135254,85.38124201210883
64,44.04919261161845,41.50310946855091,49.716929396419104,59.8946116238484,54.836156899563136,69.04919261161845,66.50310946855092,74.7169293964191,84.89461162384839,79.83615689956314
65,32.063162493313065,49.005852045528954,56.22674926899302,48.79613778336662,63.908098408798345,57.063162493313065,74.00585204552895,81.22674926899302,73.79613778336662,88.90809840879834
66,38.116304523772854,46.991679912056426,52.20774327027591,56.27123559418045,56.413036699714354,63.116304523772854,71.99167991205643,77.20774327027591,81.27123559418045,81.41303669971435
67,45.59917502334417,38.424451057495865,44.08128153411866,61.98064471630964,59.91444766873167,70.59917502334417,63.424451057495865,69.08128153411866,86.98064471630964,84.91444766873167
68,35.090571216486936,52.048804762148265,55.8823552891266,53.213943651238,53.76432508100021,60.090571216486936,77.04880476214827,80.8823552891266,78.213943651238,78.76432508100021
69,39.65347889069723,40.22274904233989,51.3605510400492,60.107714085712125,58.65550694120155,64.65347889069723,65.2227490423399,76.3605510400492,85.10771408571213,83.65550694120155
70,36.1081931585894,52.267345164923356,48.55474300254046,54.27012591887598,58.79959275507078,61.1081931585894,77.26734516492336,73.55474300254046,79.27012591887598,83.79959275507079
71,37.918151057951576,52.38551866083213,44.07195289528134,58.24063242519129,57.383744960743655,62.918151057951576,77.38551866083213,69.07195289528134,83.2406324251913,82.38374496074366
72,39.59439010723429,46.52140855110962,53.80798050021528,50.734549968108595,59.341670873332205,64.59439010723429,71.52140855110963,78.80798050021528,75.7345499681086,84.3416708733322
73,34.86206936007403,40.80693157354098,56.21188126676657,55.762778915112875,62.35633888450555,59.86206936007403,65.80693157354098,81.21188126676657,80.76277891511288,87.35633888450555
74,40.75723703919944,45.65941641391711,53.25872583727834,55.486663710439785,54.83795699916533,65.75723703919944,70.65941641391711,78.25872583727835,80.48666371043979,79.83795699916533
75,39.68045035767896,43.811772032343804,55.02505099682567,54.06892443896247,57.4138021741891,64.68045035767895,68.81177203234381,80.02505099682567,79.06892443896247,82.4138021741891
76,35.47229638799135,42.5809921872519,46.066780540147505,61.32876171056304,64.55116917404621,60.47229638799135,67.5809921872519,71.0667805401475,86.32876171056304,89.55116917404621
77,31.555285361327684,49.45782808212581,48.067007772783505,56.350381588710306,64.5694971950527,56.555285361327684,74.45782808212581,73.06700777278351,81.3503815887103,89.5694971950527
78,45.980658039766546,38.27176841605997,51.368647087248156,50.69172244547779,63.68720401144755,70.98065803976655,63.27176841605997,76.36864708724815,75.69172244547778,88.68720401144755
79,44.415995316156,37.15241905070242,55.54265384754103,49.48030983786106,63.4086219477395,69.415995316156,62.15241905070242,80.54265384754103,74.48030983786106,88.4086219477395
80,42.78009738605296,41.46510098920203,53.37696703457837,58.46255819425532,53.91527639591131,67.78009738605296,66.46510098920203,78.37696703457837,83.46255819425532,78.91527639591132
81,39.783806944627564,47.8253666570117,51.27984471324736,59.359304224256235,51.75167746085716,64.78380694462757,72.8253666570117,76.27984471324736,84.35930422425623,76.75167746085717
82,41.54754438893188,50.08854093990173,49.584148342518745,54.577014738519246,54.202751590128386,66.54754438893188,75.08854093990173,74.58414834251874,79.57701473851924,79.20275159012839
83,45.00503914045912,48.5083263046242,48.02966252856953,50.45249820237469,58.004473823972454,70.00503914045912,73.5083263046242,73.02966252856953,75.4524982023747,83.00447382397246
84,37.83797063779831,45.33013326697924,50.08830743206254,60.473637825586565,56.269950837573354,62.83797063779831,70.33013326697923,75.08830743206255,85.47363782558656,81.26995083757336
85,44.92196182324251,39.57445219733698,43.54935418520812,57.01949356806635,64.93473822614604,69.92196182324251,64.57445219733698,68.54935418520812,82.01949356806635,89.93473822614604
86,44.49634609109965,41.83426941579496,42.39508184739897,55.704637154360825,65.5696654913456,69.49634609109965,66.83426941579495,67.39508184739897,80.70463715436082,90.5696654913456
87,40.14890712269248,46.1048524419892,51.29293565156437,57.61706381556524,54.83624096818873,65.14890712269248,71.10485244198921,76.29293565156436,82.61706381556525,79.83624096818873
88,49.06340554229806,45.3238110797288,45.61168533273055,53.82280757387137,56.17829047137121,74.06340554229806,70.3238110797288,70.61168533273056,78.82280757387137,81.17829047137121
89,32.58614108709841,48.367365265320274,51.23001946224872,58.53045614883064,59.28601803650195,57.58614108709841,73.36736526532027,76.23001946224872,83.53045614883064,84.28601803650196
90,32.721915288863755,48.50524278428675,49.77052564523909,57.96376003081607,61.03855625079434,57.721915288863755,73.50524278428675,74.77052564523909,82.96376003081608,86.03855625079434
91,37.258186229775205,48.04303778324358,46.50073150703434,53.5803507891519,64.617693690795,62.258186229775205,73.04303778324358,71.50073150703435,78.58035078915191,89.617693690795
92,32.93059013298326,46.40594247314483,54.50530787239457,59.50404048702109,56.654119034456244,57.93059013298326,71.40594247314483,79.50530787239457,84.50404048702109,81.65411903445624
93,43.96578042044088,48.569523598317616,40.867148211400874,53.62917644052092,62.96837132931971,68.96578042044088,73.56952359831762,65.86714821140087,78.62917644052092,87.96837132931971
94,45.8260290490493,39.985633859099906,49.98967087277983,60.37820737387932,53.820458845191624,70.82602904904931,64.9856338590999,74.98967087277984,85.37820737387932,78.82045884519162
95,42.01861869716536,39.783839570595134,55.39875912888728,48.78409152773608,64.01469107561616,67.01861869716535,64.78383957059513,80.39875912888728,73.78409152773608,89.01469107561616
96,33.204195990095,47.26313112398848,51.24274268839221,59.85835536737585,58.43157483014845,58.204195990095,72.26313112398847,76.24274268839221,84.85835536737585,83.43157483014845
97,41.34536800729467,46.06708345047033,47.83976773093593,56.19346339018269,58.554317421116366,66.34536800729467,71.06708345047034,72.83976773093593,81.1934633901827,83.55431742111637
98,31.501227609276746,42.01023895320457,51.97489499786111,60.362277123807665,64.1513613158499,56.50122760927675,67.01023895320458,76.9748949978611,85.36227712380767,89.1513613158499
99,41.47390222576345,44.6678290619122,52.30993934074958,50.28907795695528,61.25925141461949,66.47390222576345,69.6678290619122,77.30993934074958,75.28907795695528,86.25925141461948
100,45.68002674142279,47.46404608301445,53.010265403603476,50.09405922950262,53.75160254245667,70.6800267414228,72.46404608301445,78.01026540360348,75.09405922950262,78.75160254245668
101,45.23841202122259,41.963398758476,47.32105069844302,61.82925313737764,53.64788538448076,70.23841202122259,66.963398758476,72.32105069844302,86.82925313737763,78.64788538448076
102,34.50578854522159,42.518969611025454,52.75036472705111,55.03672023845379,65.18815687824807,59.50578854522159,67.51896961102545,77.7503647270511,80.0367202384538,90.18815687824807
103,35.65520936676629,48.722072705612874,54.037937659985644,56.92980840703263,54.65497186060255,60.65520936676629,73.72207270561287,79.03793765998564,81.92980840703262,79.65497186060256
104,47.55464087578404,40.60075739807364,56.74450257894599,50.47938934692507,54.620709800271264,72.55464087578403,65.60075739807364,81.744502578946,75.47938934692507,79.62070980027127
105,35.46929847198232,40.236845263178,52.81114186582947,58.18210306531736,63.30061133369287,60.46929847198232,65.236845263178,77.81114186582947,83.18210306531736,88.30061133369287
106,39.73247303561045,45.006312743121256,49.26564242784299,51.1006138145128,64.89495797891252,64.73247303561044,70.00631274312126,74.26564242784299,76.1006138145128,89.89495797891252
107,46.65021525939258,40.900938252911146,49.14701763833886,55.19297701176219,58.10885183759521,71.65021525939258,65.90093825291115,74.14701763833887,80.1929770117622,83.10885183759521
108,45.41014329553934,49.39788948493627,47.8377267366451,49.988905682190136,57.36533480068916,70.41014329553934,74.39788948493627,72.8377267366451,74.98890568219014,82.36533480068917
109,38.52192476636929,40.18114385001204,57.307945883267465,53.78523807138019,60.20374742897101,63.52192476636929,65.18114385001203,82.30794588326746,78.78523807138019,85.20374742897101
110,41.50535047497419,49.22876347714962,45.202053854505614,57.37695951909094,56.68687267427963,66.5053504749742,74.22876347714961,70.2020538545056,82.37695951909095,81.68687267427963
111,46.038176570252524,43.24147291932823,49.39526622238284,51.63851018536899,59.68657410266742,71.03817657025252,68.24147291932823,74.39526622238284,76.638510185369,84.68657410266742
112,37.32506527836286,42.994953238604275,44.71952993193762,60.65112092518419,64.30933062591106,62.32506527836286,67.99495323860427,69.71952993193761,85.65112092518419,89.30933062591106
113,33.7112046669382,42.570355892982484,50.5259456376985,61.94465190785117,61.24784189452966,58.7112046669382,67.57035589298249,75.5259456376985,86.94465190785117,86.24784189452966
114,38.87800763681396,47.91658341653654,52.60170498447301,51.98004493765448,58.623659024522,63.87800763681396,72.91658341653654,77.601704984473,76.98004493765448,83.623659024522
115,44.5411302328167,43.81948493767551,54.75652732935576,53.840468745015016,53.042388755137026,69.5411302328167,68.81948493767551,79.75652732935576,78.84046874501502,78.04238875513703
116,41.83866802793309,44.34127393404571,46.529402741164816,56.807897867338696,60.48275742951768,66.8386680279331,69.34127393404572,71.52940274116482,81.8078978673387,85.48275742951768
117,43.16663339472863,47.29446359097952,44.678959355418655,59.379863421193825,55.48008023767937,68.16663339472862,72.29446359097952,69.67895935541866,84.37986342119382,80.48008023767937
118,44.45867316639671,49.28941360154258,52.01880471235317,47.555519977230325,56.67758854247721,69.45867316639671,74.28941360154258,77.01880471235317,72.55551997723032,81.67758854247721
119,42.791505512549776,40.505353056561255,52.909969823085554,53.03340132523343,60.75977028256998,67.79150551254978,65.50535305656126,77.90996982308556,78.03340132523343,85.75977028256997
120,36.268538291219805,51.02525816658889,56.0756087233798,48.41625399024249,58.21434082856901,61.268538291219805,76.02525816658888,81.0756087233798,73.4162539902425,83.21434082856901
121,38.94867147727691,42.86191573096309,47.10017585854528,54.876353716505555,66.21288321670917,63.94867147727691,67.86191573096309,72.10017585854527,79.87635371650555,91.21288321670917
122,43.40889211985534,46.02009292774275,49.55174264038026,53.047270081211906,57.97200223080974,68.40889211985534,71.02009292774275,74.55174264038027,78.0472700812119,82.97200223080975
123,32.76709876531678,43.841287519308096,51.195673528236256,58.699648634464964,63.49629155267391,57.76709876531678,68.8412875193081,76.19567352823626,83.69964863446496,88.49629155267391
124,43.164714209995964,40.74141103563803,48.7175669973069,57.72978823259396,59.64651952446515,68.16471420999596,65.74141103563804,73.7175669973069,82.72978823259396,84.64651952446515
125,40.408990439411845,44.965853526897,51.59764705802479,58.56101537189651,54.46649360376984,65.40899043941184,69.965853526897,76.59764705802479,83.5610153718965,79.46649360376983
126,38.75827210959783,41.62723096020353,54.15613317150387,60.53306563310325,54.925298125591524,63.75827210959783,66.62723096020353,79.15613317150387,85.53306563310325,79.92529812559152
127,43.734427545223234,40.8558214419953,44.52999469670502,56.704009919810694,64.17574639626575,68.73442754522324,65.8558214419953,69.52999469670502,81.70400991981069,89.17574639626575
128,46.62179750942819,38.22608785698708,55.40497610829275,52.54703774269245,57.20010078259952,71.62179750942819,63.22608785698708,80.40497610829274,77.54703774269245,82.20010078259952
129,40.51727187737711,48.65176862816598,44.48923684354213,61.29828715818636,55.043435492728406,65.51727187737711,73.65176862816598,69.48923684354213,86.29828715818635,80.0434354927284
130,45.585444274221864,42.94677535944122,53.45113846481221,50.44867100539285,57.56797089613184,70.58544427422186,67.94677535944122,78.4511384648122,75.44867100539285,82.56797089613184
131,41.833802183960586,40.04406347343241,45.392064753310734,59.48095702687847,63.249112562417814,66.83380218396059,65.0440634734324,70.39206475331073,84.48095702687847,88.24911256241782
132,41.90791293685132,48.428760216713904,52.776738500634394,53.4590577679501,53.42753057785027,66.90791293685132,73.4287602167139,77.7767385006344,78.4590577679501,78.42753057785026
133,36.67549414228396,44.557491596070356,44.09100043008964,59.63153074890314,65.04448308265289,61.67549414228396,69.55749159607035,69.09100043008965,84.63153074890315,90.04448308265289
134,33.787951812545884,41.336651807195494,56.29660331632555,61.35956409321096,57.21922897072213,58.787951812545884,66.3366518071955,81.29660331632556,86.35956409321096,82.21922897072213
135,37.4869686567182,48.97193360126064,50.973827818725475,49.9233546054985,62.643915317797195,62.4869686567182,73.97193360126064,75.97382781872548,74.9233546054985,87.6439153177972
136,42.80839461761045,49.940125750763215,46.570226310540114,50.04346949425155,60.637783826834664,67.80839461761045,74.94012575076322,71.57022631054011,75.04346949425155,85.63778382683466
137,41.16523326960266,39.967143626512645,55.2793926778558,56.05862263382598,57.52960779220292,66.16523326960265,64.96714362651264,80.27939267785581,81.05862263382599,82.52960779220291
138,34.27096536415529,49.93607143064554,52.81275086903082,56.93572635784366,56.04448597832469,59.27096536415529,74.93607143064554,77.81275086903082,81.93572635784366,81.04448597832469
139,37.09607003602877,38.88374612362878,49.76310362526486,60.40273270516579,63.85434750991181,62.09607003602877,63.88374612362878,74.76310362526486,85.40273270516579,88.8543475099118
140,43.8215573576035,49.29902876320086,47.86333334692761,55.07502650965685,53.941054022611176,68.8215573576035,74.29902876320085,72.86333334692762,80.07502650965685,78.94105402261118
141,42.2208421770564,47.04095320824085,41.320828726644564,59.07487325255603,60.34250263550214,67.2208421770564,72.04095320824085,66.32082872664456,84.07487325255603,85.34250263550214
142,43.2720945428316,38.886890522168315,47.74952945334461,61.501591417723,58.58989406393249,68.27209454283161,63.886890522168315,72.7495294533446,86.501591417723,83.58989406393249
143,46.07198173378542,46.33041084245272,48.12924045372492,52.43717777915387,57.03118919088307,71.07198173378542,71.33041084245272,73.12924045372492,77.43717777915387,82.03118919088307
144,35.975146084607104,44.158279618769214,52.27912664405734,59.460249778733115,58.12719787383323,60.975146084607104,69.15827961876921,77.27912664405734,84.46024977873311,83.12719787383324
145,34.04984500496937,45.19174169679876,52.455795211531196,60.17143488948588,58.13118319721481,59.04984500496937,70.19174169679876,77.4557952115312,85.17143488948588,83.13118319721481
146,44.90928362514548,49.286771350732266,49.237775208677085,51.14291250218389,55.423257313261296,69.90928362514548,74.28677135073227,74.23777520867708,76.14291250218389,80.4232573132613
147,44.04768475004964,44.28927759169841,52.31175968825401,49.09737797016263,60.25389999983532,69.04768475004964,69.28927759169841,77.311759688254,74.09737797016263,85.25389999983531
148,44.15641899288367,40.68171535691356,43.556384211169316,57.344649694606595,64.26083174442684,69.15641899288367,65.68171535691356,68.55638421116932,82.3446496946066,89.26083174442684
149,41.29793995236607,46.25631564012404,48.509528033320265,54.330820514239036,59.60539585995057,66.29793995236608,71.25631564012404,73.50952803332027,79.33082051423904,84.60539585995056
150,41.57580616259625,45.63927674302497,55.501821771678976,50.010454769901855,57.27264055279794,66.57580616259625,70.63927674302496,80.50182177167898,75.01045476990186,82.27264055279794
151,40.152510287619464,39.51640996383948,55.25907232719197,58.08696213335946,56.985045287989635,65.15251028761946,64.51640996383948,80.25907232719197,83.08696213335946,81.98504528798964
152,41.28649797336041,39.20188882562905,48.58979610137557,57.10636682418895,63.81545027544602,66.28649797336041,64.20188882562906,73.58979610137557,82.10636682418895,88.81545027544601
153,38.97953392675867,41.78387278215241,51.29524522931349,56.23145771075437,61.709890351021066,63.97953392675867,66.7838727821524,76.29524522931348,81.23145771075437,86.70989035102107
154,38.10111491889897,41.70481810412978,47.21198595508183,54.396837575924515,68.58524344596492,63.10111491889897,66.70481810412977,72.21198595508183,79.39683757592451,93.58524344596492
155,45.54086893095913,41.433881434237925,54.234057155481665,53.830017917590204,54.96117456173107,70.54086893095914,66.43388143423792,79.23405715548166,78.8300179175902,79.96117456173107
156,37.75712081418758,48.57589803878361,47.03602279997296,59.23239965445883,57.39855869259701,62.75712081418758,73.5758980387836,72.03602279997295,84.23239965445883,82.398558692597
157,35.78250738055203,41.27297926410216,54.4323486577251,53.857520143540846,64.65464455407987,60.78250738055203,66.27297926410216,79.4323486577251,78.85752014354085,89.65464455407987
158,39.79658199882377,49.955222630117305,42.469489747953915,59.17047265603814,58.60823296706688,64.79658199882377,74.9552226301173,67.46948974795392,84.17047265603814,83.60823296706688
159,45.67004061767137,43.35027715075597,47.09503004021577,48.41436375396471,65.47028843739218,70.67004061767136,68.35027715075597,72.09503004021576,73.41436375396471,90.47028843739218
160,35.26050242930825,41.2313774655359,49.45411539221976,56.9257869118472,67.12821780108888,60.26050242930825,66.2313774655359,74.45411539221976,81.9257869118472,92.12821780108888
161,38.6302216247904,41.56529415468374,52.40498807559646,58.330375524406065,59.069120620523336,63.6302216247904,66.56529415468374,77.40498807559646,83.33037552440607,84.06912062052334
162,44.667484432604226,42.27845386233969,54.72387226872183,49.478568591302405,58.85162084503183,69.66748443260423,67.27845386233969,79.72387226872183,74.4785685913024,83.85162084503183
163,42.465307125205214,38.95717288229406,52.51255015869385,53.56555069094696,62.49941914285992,67.46530712520521,63.95717288229406,77.51255015869384,78.56555069094696,87.49941914285992
164,33.342724685289014,46.080877451746034,51.36027438947547,52.97810658728346,66.23801688620603,58.342724685289014,71.08087745174603,76.36027438947548,77.97810658728346,91.23801688620603
165,43.205171489934635,42.11197776469514,49.96275136966451,58.02506829069536,56.69503108501035,68.20517148993463,67.11197776469514,74.96275136966452,83.02506829069536,81.69503108501036
166,36.93070793455043,49.483068196930105,44.98523733072503,57.17042362480817,61.43056291298625,61.93070793455043,74.4830681969301,69.98523733072503,82.17042362480817,86.43056291298625
167,38.209315108814856,50.38255526388347,49.7502035894091,51.27539723066508,60.3825288072275,63.209315108814856,75.38255526388346,74.7502035894091,76.27539723066508,85.3825288072275
168,42.404044582913095,40.86247644248631,56.052566585564904,52.89766061323213,57.78325177580355,67.40404458291309,65.86247644248631,81.0525665855649,77.89766061323212,82.78325177580355
169,40.254428308685604,43.4691466557045,44.958189861502134,57.42919231969833,63.88904285440945,65.2544283086856,68.46914665570449,69.95818986150213,82.42919231969833,88.88904285440945
170,36.99347871869335,50.17693963867789,47.23544518481047,49.733098169718325,65.86103828809996,61.99347871869335,75.17693963867788,72.23544518481047,74.73309816971832,90.86103828809996
171,46.608451365228035,43.81484765187288,46.16598097408864,58.716408634634206,54.69431137417622,71.60845136522804,68.81484765187288,71.16598097408864,83.7164086346342,79.69431137417622
172,43.47805279454189,46.31443498537855,45.01004612791755,52.97121934656937,62.22624674559266,68.4780527945419,71.31443498537854,70.01004612791755,77.97121934656937,87.22624674559266
173,34.92208874030851,53.52598730113487,48.46297291429309,57.98491839757183,55.10403264669171,59.92208874030851,78.52598730113488,73.46297291429309,82.98491839757183,80.1040326466917
174,45.57151865982097,45.82741914800895,50.707611215898744,46.66992060798866,61.223530368282674,70.57151865982097,70.82741914800894,75.70761121589874,71.66992060798866,86.22353036828267
175,40.354871072533015,44.77649631711922,52.42163243649935,56.26737808263216,56.17962209121625,65.35487107253302,69.77649631711921,77.42163243649935,81.26737808263216,81.17962209121626
176,41.50761976107194,45.57638638674139,45.85144791274938,56.02639979000727,61.038146149430034,66.50761976107194,70.57638638674139,70.85144791274938,81.02639979000728,86.03814614943003
177,38.09980559162179,48.42863241487558,45.99128284196003,62.00097956854466,55.479299582997925,63.09980559162179,73.42863241487558,70.99128284196003,87.00097956854466,80.47929958299792
178,48.01243029306714,42.71541311379717,47.65164665530461,52.51889161175369,59.10161832607739,73.01243029306714,67.71541311379717,72.6516466553046,77.51889161175369,84.10161832607739
179,37.14965664791855,43.15984513446435,52.31518870804983,52.18038506825302,65.19492444131424,62.14965664791855,68.15984513446435,77.31518870804983,77.18038506825302,90.19492444131424
180,38.43165875861582,39.37843790449891,51.61480379994829,52.043495778370016,68.53160375856697,63.43165875861582,64.37843790449891,76.61480379994829,77.04349577837002,93.53160375856697
181,36.796936883136816,36.9975394762387,51.78903148072107,60.23264788779312,64.18384427211029,61.796936883136816,61.9975394762387,76.78903148072106,85.23264788779312,89.18384427211029
182,43.73802874951542,40.651600623894346,44.73292418154752,56.29104960951258,64.58639683553014,68.73802874951542,65.65160062389435,69.73292418154752,81.29104960951258,89.58639683553014
183,35.626029869160476,43.10017549823295,47.704383310218105,64.82701972473771,58.74239159765075,60.626029869160476,68.10017549823294,72.7043833102181,89.82701972473771,83.74239159765075
184,44.38539949627266,43.00524501252565,49.31627273795163,51.94854401618365,61.3445387370664,69.38539949627267,68.00524501252565,74.31627273795164,76.94854401618365,86.3445387370664
185,43.826951146597125,41.64166605019918,52.90020770987561,48.44196502231661,63.18921007101147,68.82695114659712,66.64166605019918,77.90020770987562,73.44196502231661,88.18921007101147
186,34.18151332743271,51.791053764038026,53.84020164577126,51.130926993154084,59.05630426960393,59.18151332743271,76.79105376403803,78.84020164577126,76.13092699315408,84.05630426960393
187,38.09391362140457,45.76297514389757,54.484278111948655,48.09537151702003,63.563461605729174,63.09391362140457,70.76297514389756,79.48427811194865,73.09537151702003,88.56346160572917
188,36.01435269655872,44.382848162554275,58.06320217025331,52.38958257016313,59.15001440047057,61.01435269655872,69.38284816255427,83.0632021702533,77.38958257016313,84.15001440047057
189,42.924467052967934,47.21332692757301,50.09762228002625,57.17145420944996,52.593129529982846,67.92446705296794,72.21332692757301,75.09762228002626,82.17145420944996,77.59312952998285
190,43.708725967245314,38.92346096024471,57.48910836775471,50.46984429546149,59.40886040929378,68.70872596724531,63.92346096024471,82.48910836775471,75.46984429546148,84.40886040929378
191,40.951397492034054,49.082650788558084,52.24885906152106,49.88932505351907,57.82776760436772,65.95139749203406,74.08265078855808,77.24885906152106,74.88932505351907,82.82776760436772
192,36.84838087588601,37.084506825714264,51.55566518136814,58.781316406466445,65.73013071056515,61.84838087588601,62.084506825714264,76.55566518136814,83.78131640646644,90.73013071056515
193,36.81632118322274,54.80373325862274,46.52494902605991,56.43129744221037,55.42369908988425,61.81632118322274,79.80373325862274,71.52494902605991,81.43129744221037,80.42369908988425
194,35.840516143476876,41.61245599118396,52.3380809788068,56.94731855672073,63.26162832981165,60.840516143476876,66.61245599118396,77.3380809788068,81.94731855672073,88.26162832981166
195,39.30994464600096,44.14570242320733,54.973161736184274,55.62530922698928,55.94588196761816,64.30994464600096,69.14570242320733,79.97316173618427,80.62530922698929,80.94588196761816
196,41.19115496095652,48.92740339345899,44.59461551444043,58.32817336668723,56.95865276445684,66.19115496095651,73.92740339345899,69.59461551444042,83.32817336668722,81.95865276445684
197,36.86863269092184,46.68040227042099,47.43820753842916,59.04937643294744,59.96338106728057,61.86863269092184,71.68040227042098,72.43820753842917,84.04937643294744,84.96338106728058
198,46.6155783787389,37.88026733047149,51.546767390737145,49.386831075864194,64.57055582418826,71.6155783787389,62.88026733047149,76.54676739073714,74.3868310758642,89.57055582418826
199,45.177137709284224,50.43955204266035,43.55539395689918,54.78924868163569,56.03866760952055,70.17713770928422,75.43955204266035,68.55539395689918,79.78924868163568,81.03866760952056
200,47.84774828883488,38.75459029489615,46.395438962800704,57.84006915888811,59.162153294580165,72.84774828883488,63.75459029489615,71.39543896280071,82.84006915888811,84.16215329458016
201,35.26688310972939,43.53038278193367,53.51337173615471,53.37024740661864,64.3191149655636,60.26688310972939,68.53038278193367,78.51337173615471,78.37024740661863,89.3191149655636
202,41.33974225411505,41.054484180336104,52.14944832870785,59.660397448402605,55.79592778843839,66.33974225411505,66.0544841803361,77.14944832870785,84.6603974484026,80.79592778843839
203,41.29939765857333,48.66922747021205,44.5533974814127,51.03831440649582,64.43966298330609,66.29939765857333,73.66922747021205,69.5533974814127,76.03831440649583,89.43966298330609
204,42.400541569657044,42.59231987858618,50.70750307916997,51.09777176791292,63.20186370467389,67.40054156965704,67.59231987858618,75.70750307916997,76.09777176791292,88.20186370467388
205,48.50599864390055,44.281413961665095,44.42458993931809,52.07472144116343,60.713276013952836,73.50599864390054,69.2814139616651,69.42458993931808,77.07472144116343,85.71327601395284
206,39.357686663770316,45.207103729632856,48.11766938954167,55.740195106686755,61.577345110368384,64.35768666377032,70.20710372963285,73.11766938954167,80.74019510668676,86.57734511036838
207,34.789605574963225,49.7006443029136,46.44412268368733,53.281199498571006,65.78442793986483,59.789605574963225,74.7006443029136,71.44412268368734,78.281199498571,90.78442793986483
208,46.86962479335492,41.80930798708361,50.250289135944186,57.94487321274581,53.12590487087148,71.86962479335492,66.80930798708361,75.25028913594419,82.94487321274582,78.12590487087148
209,36.6977331808011,41.31741936462315,55.5646078150191,60.64005688815047,55.780182751406194,61.6977331808011,66.31741936462315,80.5646078150191,85.64005688815047,80.78018275140619
210,41.41599155071504,40.115856102745695,56.16912124702435,53.172144101968286,59.12688699754662,66.41599155071503,65.1158561027457,81.16912124702435,78.17214410196829,84.12688699754662
211,42.75684280097586,46.828843610427846,43.084447636419995,52.48814030163017,64.84172565054612,67.75684280097586,71.82884361042784,68.08444763642,77.48814030163017,89.84172565054612
212,42.44262827667182,43.99144433700384,51.536011120405924,52.07183298575695,59.95808328016146,67.44262827667183,68.99144433700384,76.53601112040593,77.07183298575694,84.95808328016146
213,48.105712700159174,40.35999339578779,51.0101335805267,56.499383342573466,54.02477698095287,73.10571270015917,65.3599933957878,76.0101335805267,81.49938334257347,79.02477698095288
214,42.65494642374065,46.36108696806137,46.58905139068293,51.92965146812213,62.465263749392925,67.65494642374065,71.36108696806137,71.58905139068293,76.92965146812213,87.46526374939293
215,36.47646150687869,47.812237759562564,55.21077998531392,50.70577443799487,59.79474631024996,61.47646150687869,72.81223775956256,80.21077998531392,75.70577443799488,84.79474631024996
216,39.035751372049525,47.93589570107956,47.70272231299755,51.05160526391092,64.27402534996244,64.03575137204953,72.93589570107956,72.70272231299755,76.05160526391091,89.27402534996244
217,41.82747404589075,44.8047789241009,43.36555218936786,57.455659165982105,62.54653567465839,66.82747404589075,69.8047789241009,68.36555218936786,82.4556591659821,87.54653567465839
218,39.4475675443127,39.63012165735333,48.842883659562325,58.17469938931344,63.90472774945822,64.4475675443127,64.63012165735333,73.84288365956232,83.17469938931345,88.90472774945822
219,34.511689631247265,44.9971934236834,52.166606356062374,55.13863019495716,63.18588039404982,59.511689631247265,69.9971934236834,77.16660635606237,80.13863019495716,88.18588039404982
220,43.3441453193644,41.5943624078816,53.21256116546625,52.996722724444176,58.852208382843585,68.3441453193644,66.59436240788159,78.21256116546624,77.99672272444417,83.85220838284359
221,38.9238069375591,48.03744121429365,48.62706504243812,57.7310900897245,56.68059671598463,63.9238069375591,73.03744121429365,73.62706504243812,82.7310900897245,81.68059671598462
222,44.77622907117164,43.88174229111753,45.601511439033885,54.354917114778914,61.385600083898034,69.77622907117164,68.88174229111753,70.60151143903389,79.35491711477891,86.38560008389803
223,38.90733135105789,45.25479417123192,46.76912370545495,56.3815741449536,62.687176627301625,63.90733135105789,70.25479417123192,71.76912370545494,81.3815741449536,87.68717662730162
224,36.81698105017874,50.24639827847116,54.660840868526925,55.372731885277695,52.903047917545486,61.81698105017874,75.24639827847116,79.66084086852692,80.37273188527769,77.90304791754548
225,36.18111613237258,49.53397813901488,47.049547233048955,60.80587057670873,56.42948791885485,61.18111613237258,74.53397813901488,72.04954723304895,85.80587057670873,81.42948791885485
226,37.17342821334379,41.62505871409075,55.58069550243835,58.31772858028762,57.303088989839495,62.17342821334379,66.62505871409076,80.58069550243835,83.31772858028762,82.3030889898395
227,43.56745360289295,37.8238203557124,54.46759686278708,48.8690618196653,65.27206735894227,68.56745360289295,62.8238203557124,79.46759686278708,73.86906181966529,90.27206735894227
228,41.555146768239034,48.32135330210709,51.59629408086921,54.04394428569056,54.48326156309411,66.55514676823904,73.3213533021071,76.5962940808692,79.04394428569056,79.48326156309412
229,41.258348550732016,46.45696535418843,44.46196063689665,54.61882500146531,63.203900456717584,66.25834855073202,71.45696535418844,69.46196063689665,79.61882500146531,88.20390045671758
230,36.49854583364921,49.48855364204183,54.756981432879165,50.44704844855247,58.80887064287731,61.49854583364921,74.48855364204184,79.75698143287917,75.44704844855247,83.80887064287731
231,32.61327193830515,41.176115753650805,51.694606783250116,59.0914474365101,65.42455808828383,57.61327193830515,66.1761157536508,76.69460678325012,84.0914474365101,90.42455808828383
232,40.79588332498132,46.8731242874856,49.13904759681535,53.385710406346305,59.80623438437143,65.79588332498132,71.87312428748561,74.13904759681535,78.3857104063463,84.80623438437144
233,38.73217520369094,44.529188008463976,51.954540889195236,59.595858146956274,55.18823775169358,63.73217520369094,69.52918800846398,76.95454088919524,84.59585814695627,80.18823775169358
234,37.24655856866606,50.453096492607536,47.401691051814964,52.18758374551398,62.711070141397464,62.24655856866606,75.45309649260753,72.40169105181496,77.18758374551399,87.71107014139747
235,39.40363717762991,45.20732880080275,52.213688884068716,50.532671049963845,62.642674087534786,64.40363717762992,70.20732880080274,77.21368888406872,75.53267104996385,87.64267408753479
236,38.91683453184486,45.16159214178274,56.40833722035149,52.2656992908629,57.24753681515801,63.91683453184486,70.16159214178273,81.40833722035148,77.2656992908629,82.24753681515801
237,37.11341613684363,38.07050155849291,56.184075014278484,56.47176194674522,62.16024534363976,62.11341613684363,63.07050155849291,81.18407501427848,81.47176194674522,87.16024534363976
238,39.78914147143758,46.01818035385186,47.80676108684208,59.18115785936389,57.20475922850458,64.78914147143757,71.01818035385186,72.80676108684207,84.18115785936389,82.20475922850457
239,39.010683161559896,43.401902155959334,46.45050895225329,58.82080004080033,62.316105689427154,64.0106831615599,68.40190215595933,71.45050895225329,83.82080004080032,87.31610568942716
240,44.34975514695216,41.84436664805296,49.023902387041765,53.8916274584082,60.890348359544916,69.34975514695216,66.84436664805295,74.02390238704177,78.89162745840821,85.89034835954492
241,36.94457942683328,39.883297303875764,52.61872909783243,54.40187162927903,66.15152254217949,61.94457942683328,64.88329730387576,77.61872909783243,79.40187162927903,91.15152254217949
242,43.424006414331764,50.688697279241865,41.70267941383769,56.19807855376425,57.98653833882442,68.42400641433176,75.68869727924186,66.7026794138377,81.19807855376425,82.98653833882442
243,41.972483369232435,43.10579027253348,48.20459464052504,57.69584252497864,59.0212891927304,66.97248336923244,68.10579027253348,73.20459464052504,82.69584252497864,84.02128919273039
244,35.74861564778473,49.162035929763505,54.57288606155063,51.666872233344755,58.849590127556375,60.74861564778473,74.1620359297635,79.57288606155063,76.66687223334475,83.84959012755638
245,35.00683838488691,48.822586463625484,52.57104650409873,51.299085828890604,62.30044281849827,60.00683838488691,73.82258646362548,77.57104650409873,76.29908582889061,87.30044281849827
246,40.4180296348366,39.13752362214647,57.49620540187397,51.46177659350456,61.4864647476384,65.4180296348366,64.13752362214646,82.49620540187397,76.46177659350457,86.4864647476384
247,46.297809606925384,39.72121849860959,56.41737425211682,55.215531925938315,52.34806571640989,71.29780960692538,64.72121849860959,81.41737425211682,80.21553192593831,77.34806571640989
248,32.801344287151906,46.61127382234566,53.1150847231374,59.44588265461955,58.02641451274548,57.801344287151906,71.61127382234565,78.1150847231374,84.44588265461955,83.02641451274548
249,32.70595733567063,43.8474261915063,51.18308469991293,60.05461370800185,62.20891806490828,57.70595733567063,68.8474261915063,76.18308469991294,85.05461370800185,87.20891806490829
250,40.82314149611557,50.03314750612859,52.26380648202658,48.74677800916484,58.133126506564416,65.82314149611557,75.03314750612859,77.26380648202658,73.74677800916484,83.13312650656442
251,39.462052372708314,40.534329440115336,44.99947749477727,61.90108032798605,63.103060364413025,64.46205237270831,65.53432944011533,69.99947749477727,86.90108032798605,88.10306036441303
252,42.490647435472155,42.05221457446528,47.53766222966282,54.56362235656593,63.35585340383382,67.49064743547216,67.05221457446528,72.53766222966283,79.56362235656593,88.35585340383382
253,39.58871249191084,38.21897023496295,53.266569339532225,56.147102632133866,62.77864530146011,64.58871249191084,63.21897023496295,78.26656933953223,81.14710263213387,87.7786453014601
254,41.0505532444778,48.06764501826617,50.57063387212038,57.26030891118766,53.05085895394798,66.0505532444778,73.06764501826618,75.57063387212038,82.26030891118765,78.05085895394798
255,47.51259103464831,39.814300181804114,55.331776523583564,52.830314491860776,54.51101776810323,72.51259103464831,64.81430018180411,80.33177652358356,77.83031449186078,79.51101776810323
256,43.20615894078131,43.40397026985033,47.780050169631075,56.67356761564381,58.93625300409347,68.20615894078131,68.40397026985033,72.78005016963107,81.6735676156438,83.93625300409347
257,40.79751594000297,39.78351759754022,48.63968375239902,59.79613507767872,60.98314763237909,65.79751594000297,64.78351759754023,73.63968375239902,84.79613507767871,85.98314763237909
258,43.57571830759425,37.438213192525836,49.71546907164378,57.94838685596285,61.32221257227328,68.57571830759426,62.438213192525836,74.71546907164378,82.94838685596285,86.32221257227329
259,41.367969918066116,41.356100076373,54.465482724608165,53.89435016483513,58.9160971161176,66.36796991806611,66.356100076373,79.46548272460817,78.89435016483513,83.9160971161176
260,35.07817352423543,38.251960294063785,52.39227218472604,56.4729830041794,67.80461099279538,60.07817352423543,63.251960294063785,77.39227218472604,81.4729830041794,92.80461099279538
261,36.50568938692598,48.020969211292616,55.301139247960855,52.080843745940996,58.09135840787954,61.50568938692598,73.02096921129262,80.30113924796086,77.080843745941,83.09135840787954
262,42.596510781827405,45.57049840499688,45.229750592994655,51.13861789313493,65.46462232704613,67.5965107818274,70.57049840499688,70.22975059299466,76.13861789313492,90.46462232704613
263,34.48688178382312,39.29946124691456,53.23533766141294,58.99539874305334,63.98292056479603,59.48688178382312,64.29946124691456,78.23533766141294,83.99539874305334,88.98292056479603
264,44.00880443562746,49.874878997521286,47.42193352556822,53.65791254063743,55.03647050064559,69.00880443562747,74.87487899752128,72.42193352556822,78.65791254063743,80.03647050064559
265,35.52931002776492,41.03162822339556,56.250547536949085,57.36749107686204,59.821023135028405,60.52931002776492,66.03162822339556,81.25054753694909,82.36749107686204,84.82102313502841
266,34.661537673225254,47.64757622984344,44.2348632742745,57.10295537206303,66.35306745059377,59.661537673225254,72.64757622984344,69.2348632742745,82.10295537206304,91.35306745059377
267,37.895498449855786,44.934350765370525,52.47710622764923,52.70965314669574,61.983391410428716,62.895498449855786,69.93435076537052,77.47710622764923,77.70965314669574,86.98339141042871
268,43.752622444861856,45.46717910976712,49.68020516159233,56.509945594742405,54.59004768903628,68.75262244486186,70.46717910976713,74.68020516159234,81.5099455947424,79.59004768903628
269,36.23525626450957,40.86491298542899,53.65192363207105,54.08912738046301,65.1587797375274,61.23525626450957,65.86491298542899,78.65192363207106,79.08912738046301,90.1587797375274
270,34.35202690401033,48.2724833507918,55.431764696337666,54.24748570039228,57.69623934846791,59.35202690401033,73.2724833507918,80.43176469633767,79.24748570039228,82.69623934846791
271,37.13272167780222,45.83262820443527,45.18355892407464,56.65850735236858,65.19258384131929,62.13272167780222,70.83262820443527,70.18355892407465,81.65850735236859,90.19258384131929
272,44.73155864916239,39.148676975708,50.01821851363509,50.963256514788455,65.13828934670607,69.7315586491624,64.148676975708,75.01821851363509,75.96325651478845,90.13828934670607
273,38.80658310424086,43.78716954813699,47.74982161887242,61.677024212905586,57.97940151584415,63.80658310424086,68.78716954813699,72.74982161887242,86.6770242129056,82.97940151584416
274,39.64260023647733,42.125893353282706,49.758582958375115,59.26169403151303,59.21122942035182,64.64260023647734,67.1258933532827,74.75858295837511,84.26169403151303,84.21122942035183
275,38.766895383877426,50.17579205225845,47.76225088103011,57.0290401139125,56.266021568921516,63.766895383877426,75.17579205225846,72.76225088103011,82.0290401139125,81.26602156892152
276,35.89004353316412,49.13549700776039,53.55081340612062,51.90701987933027,59.516626173624594,60.89004353316412,74.13549700776039,78.55081340612062,76.90701987933028,84.51662617362459
277,38.9406029479387,42.30490382410709,48.82191718842682,56.132533864890156,63.80004217463725,63.9406029479387,67.3049038241071,73.82191718842682,81.13253386489015,88.80004217463724
278,44.43701582410005,46.56289879243734,44.87131345909235,55.07138615716275,59.05738576720751,69.43701582410006,71.56289879243734,69.87131345909235,80.07138615716275,84.0573857672075
279,32.916338865722054,48.41909362901151,49.47085669989149,58.67872228212657,60.51498852324836,57.916338865722054,73.41909362901151,74.4708566998915,83.67872228212657,85.51498852324836
280,42.65341039733109,45.600407891105455,48.29604707993608,57.72154425308863,55.728590378538755,67.6534103973311,70.60040789110545,73.29604707993607,82.72154425308864,80.72859037853875
281,39.86955927156567,39.65076539001335,47.27058406988481,63.47029187834014,59.73879939019601,64.86955927156566,64.65076539001335,72.27058406988482,88.47029187834013,84.73879939019601
282,40.223893642190234,44.99325211494063,43.729488131294644,63.06369634061474,57.989669770959765,65.22389364219023,69.99325211494063,68.72948813129464,88.06369634061474,82.98966977095976
283,41.029959212438854,43.462171318071135,52.80286201486081,57.876434779053405,54.828572675575806,66.02995921243885,68.46217131807114,77.8028620148608,82.8764347790534,79.8285726755758
284,41.004726279792834,40.38569903208695,52.662759092760865,53.289194255270345,62.657621340089015,66.00472627979283,65.38569903208695,77.66275909276087,78.28919425527035,87.65762134008901
285,42.88752300702929,43.39816992596976,46.422018090228256,58.8982184688168,58.394070507955874,67.88752300702929,68.39816992596977,71.42201809022825,83.8982184688168,83.39407050795587
286,37.000203955948166,49.50211886097149,48.95230455199082,53.88306666706555,60.66230596402397,62.000203955948166,74.50211886097149,73.95230455199082,78.88306666706555,85.66230596402397
287,43.26424444805211,42.234506521837424,47.67713837899005,51.20625388788663,65.61785676323377,68.26424444805211,67.23450652183743,72.67713837899005,76.20625388788663,90.61785676323377
288,38.223362030241425,42.81751317832203,50.70854051566391,61.56389814633781,56.68668612943483,63.223362030241425,67.81751317832203,75.70854051566391,86.5638981463378,81.68668612943483
289,35.39124052323792,48.9143320718799,52.58020917285812,54.07693384703428,59.03728438498979,60.39124052323792,73.9143320718799,77.58020917285812,79.07693384703428,84.03728438498979
290,39.25645367070654,43.410628389221976,59.90520093901418,51.0368674276032,56.390849573454105,64.25645367070655,68.41062838922198,84.90520093901418,76.0368674276032,81.3908495734541
291,42.82350918291932,41.29584870427236,53.71084851964056,49.36555300593923,62.80424058722851,67.82350918291931,66.29584870427236,78.71084851964056,74.36555300593923,87.80424058722852
292,34.4337902025854,42.61142480909494,46.38303751414595,63.603776833784465,62.96797064038924,59.4337902025854,67.61142480909494,71.38303751414594,88.60377683378447,87.96797064038924
293,41.75762832146214,38.37064390224767,54.157490579359504,58.26794911206909,57.44628808486159,66.75762832146214,63.37064390224767,79.1574905793595,83.26794911206909,82.44628808486159
294,33.63121417018043,44.047507861554635,57.14795837212764,60.27812253938892,54.89519705674838,58.63121417018043,69.04750786155464,82.14795837212765,85.27812253938892,79.89519705674837
295,42.58291045185147,44.37371680903023,52.08309241967241,57.44434430601687,53.51593601342903,67.58291045185146,69.37371680903023,77.08309241967241,82.44434430601687,78.51593601342903
296,42.57553306124494,41.615532896807096,53.549006787898065,52.79433415912586,59.465593094924046,67.57553306124494,66.6155328968071,78.54900678789807,77.79433415912587,84.46559309492405
297,44.778384256162425,43.77654450838328,51.365848850164895,51.75957945336809,58.31964293192131,69.77838425616243,68.77654450838328,76.3658488501649,76.75957945336809,83.31964293192131
298,47.14096403992356,46.549460583766106,50.21837963368293,50.964785848999426,55.126409893627994,72.14096403992356,71.5494605837661,75.21837963368293,75.96478584899943,80.126409893628
299,39.8865402956532,46.98719168580829,43.27911109341088,59.54526267818791,60.301894246939725,64.88654029565319,71.98719168580828,68.27911109341088,84.54526267818791,85.30189424693972
